{
  "timestamp": "20251108_190816",
  "test_samples": 7,
  "classification_report": {
    "Healthy": {
      "precision": 0.0,
      "recall": 0.0,
      "f1-score": 0.0,
      "support": 2.0
    },
    "Parkinson": {
      "precision": 0.7142857142857143,
      "recall": 1.0,
      "f1-score": 0.8333333333333334,
      "support": 5.0
    },
    "accuracy": 0.7142857142857143,
    "macro avg": {
      "precision": 0.35714285714285715,
      "recall": 0.5,
      "f1-score": 0.4166666666666667,
      "support": 7.0
    },
    "weighted avg": {
      "precision": 0.5102040816326531,
      "recall": 0.7142857142857143,
      "f1-score": 0.5952380952380952,
      "support": 7.0
    }
  },
  "confusion_matrix": [
    [
      0,
      2
    ],
    [
      0,
      5
    ]
  ],
  "roc_auc": 0.5,
  "predictions": {
    "y_true": [
      0,
      1,
      1,
      1,
      0,
      1,
      1
    ],
    "y_pred": [
      1,
      1,
      1,
      1,
      1,
      1,
      1
    ],
    "y_prob": [
      0.5612227916717529,
      0.5564841628074646,
      0.552757740020752,
      0.5551062226295471,
      0.5543299317359924,
      0.5625117421150208,
      0.5548458695411682
    ]
  }
}