{
  "model_type": "resnet50",
  "pattern_type": "wave",
  "accuracy": 0.5666666666666667,
  "precision": 0.75,
  "recall": 0.2,
  "f1_score": 0.3157894736842105,
  "roc_auc": 0.5333333333333333,
  "confusion_matrix": [
    [
      14,
      1
    ],
    [
      12,
      3
    ]
  ],
  "classification_report": {
    "Healthy": {
      "precision": 0.5384615384615384,
      "recall": 0.9333333333333333,
      "f1-score": 0.6829268292682927,
      "support": 15.0
    },
    "Parkinson": {
      "precision": 0.75,
      "recall": 0.2,
      "f1-score": 0.3157894736842105,
      "support": 15.0
    },
    "accuracy": 0.5666666666666667,
    "macro avg": {
      "precision": 0.6442307692307692,
      "recall": 0.5666666666666667,
      "f1-score": 0.4993581514762516,
      "support": 30.0
    },
    "weighted avg": {
      "precision": 0.6442307692307693,
      "recall": 0.5666666666666667,
      "f1-score": 0.4993581514762516,
      "support": 30.0
    }
  },
  "timestamp": "2025-09-28T07:19:59.558426"
}